{"pad": {"left": 0.09868509550712942, "right": 0.0, "top": 0.057271557271557194, "bottom": 0.11465036465036466}, "xlim": [0.85, 4.15], "ylim": [-13.5133898, 1.6911138000000001]}