{"pad": {"left": 0.09353981705676623, "right": 0.0, "top": 0.057271557271557194, "bottom": 0.11465036465036466}, "xlim": [0.85, 4.15], "ylim": [-18.903924770000003, 432.01417736999997]}