{"pad": {"left": 0.09369114877589456, "right": 0.0, "top": 0.057271557271557194, "bottom": 0.11465036465036466}, "xlim": [0.85, 4.15], "ylim": [-5.743000000000001, 142.603]}