{"pad": {"left": 0.12138485337637883, "right": 0.0, "top": 0.057271557271557194, "bottom": 0.11465036465036466}, "xlim": [-0.2, 4.2], "ylim": [-13.062165499999999, 6.424675499999999]}