{"pad": {"left": 0.12138485337637882, "right": 0.0, "top": 0.057271557271557194, "bottom": 0.11465036465036466}, "xlim": [-99.0, 99.0], "ylim": [-13.3389155, 5.8366255]}