{"pad": {"left": 0.09853376378800112, "right": 0.0, "top": 0.057271557271557194, "bottom": 0.11465036465036466}, "xlim": [-0.2, 4.2], "ylim": [-10.5715015, 6.3839315]}