{"pad": {"left": 0.0939938122141512, "right": 0.0, "top": 0.057271557271557194, "bottom": 0.11465036465036466}, "xlim": [0.85, 4.15], "ylim": [-7.980549999999999, 189.59154999999998]}