{"pad": {"left": 0.09868509550712942, "right": 1.1102230246251565e-16, "top": 0.057271557271557194, "bottom": 0.11465036465036466}, "xlim": [-9.0, 189.0], "ylim": [-16.0492, -0.8868]}