{"pad": {"left": 0.09853376378800109, "right": 0.0, "top": 0.057271557271557194, "bottom": 0.11465036465036466}, "xlim": [0.85, 4.15], "ylim": [-10.87891355, 1.5656625499999999]}