{"pad": {"left": 0.12093085821899384, "right": 0.0, "top": 0.057271557271557194, "bottom": 0.11465036465036466}, "xlim": [-9.0, 189.0], "ylim": [-11.69075, 7.24575]}