{"pad": {"left": 0.09883642722625775, "right": 0.0, "top": 0.057271557271557194, "bottom": 0.11465036465036466}, "xlim": [0.85, 4.15], "ylim": [-20.96228615, 2.0458231500000004]}