{"pad": {"left": 0.09384248049502288, "right": 0.0, "top": 0.057271557271557194, "bottom": 0.11465036465036466}, "xlim": [0.85, 4.15], "ylim": [-12.039493950000002, 279.77081495]}