{"pad": {"left": 0.08370325531342482, "right": 1.1102230246251565e-16, "top": 0.057271557271557194, "bottom": 0.11465036465036466}, "xlim": [-0.2, 4.2], "ylim": [-6.227254, 6.167854]}