{"pad": {"left": 0.10867298896959915, "right": 0.0, "top": 0.057271557271557194, "bottom": 0.11465036465036466}, "xlim": [0.85, 4.15], "ylim": [-259.72542, 3341.78502]}